timestamp,age,gender,bmi,bloodpressure,diabetic,children,smoker,region,predicted_claim
2026-03-10 18:48:13,30,Male,25.0,120,No,0,No,southeast,28894.16
2026-03-10 18:52:49,24,Male,25.400000000000006,120,Yes,2,Yes,northeast,27289.99
2026-03-10 19:02:45,30,Male,25.0,120,No,0,No,southeast,28894.16
2026-03-20 19:19:51,20,Male,25.400000000000006,122,Yes,2,Yes,northeast,27725.28
2026-04-18 22:22:51,30,Male,25.0,120,No,0,No,southeast,28019.0
2026-04-22 10:28:25,20,Male,22.0,120,No,0,No,southeast,28096.95
2026-04-22 10:29:06,20,Male,22.0,130,No,2,Yes,southwest,26854.53
2026-04-22 10:29:14,20,Male,22.0,130,No,2,Yes,southeast,26807.65
2026-04-22 10:29:21,20,Male,22.0,130,No,2,Yes,northeast,26796.1
2026-04-22 12:04:40,20,Male,26.0,120,No,0,No,southeast,28096.95
2026-04-22 12:04:48,20,Male,26.003,123,No,0,No,southeast,28028.16
2026-04-22 12:04:54,20,Male,26.003,123,No,0,No,southeast,28028.16
